MP:0004944	MP:0004943
MP:0013647	MP:0013650
MP:0013509	MP:0013518
MP:0013884	MP:0013881
MP:0013866	MP:0013867
MP:0013865	MP:0013868
MP:0003994	MP:0003993
MP:0004102	MP:0004103
MP:0002407	MP:0002408
MP:0013681	MP:0013682
MP:0005019	MP:0005020
MP:0003756	MP:0003154
MP:0006003	MP:0006002
MP:0004842	MP:0004841
MP:0013793	MP:0013792
MP:0000489	MP:0000496
MP:0003284	MP:0000497
MP:0013021	MP:0013024
MP:0002345	MP:0002346
MP:0013512	MP:0013521
MP:0004918	MP:0004919
MP:0000991	MP:0000994
MP:0009362	MP:0009363
MP:0011123	MP:0011127
MP:0009654	MP:0009655
MP:0013549	MP:0013550
MP:0012737	MP:0012738
MP:0002211	MP:0002212
MP:0000860	MP:0000863
MP:0009677	MP:0009679
MP:0006282	MP:0005112
MP:0008471	MP:0008472
MP:0011039	MP:0011040
MP:0014112	MP:0014110
MP:0005433	MP:0005434
MP:0009894	MP:0030290
MP:0000992	MP:0000995
MP:0011126	MP:0011130
MP:0002934	MP:0002935
MP:0003340	MP:0003341
MP:0013545	MP:0013546
MP:0009893	MP:0009890
MP:0010413	MP:0010414
MP:0000947	MP:0000948
MP:0012644	MP:0012645
MP:0012143	MP:0012145
MP:0012148	MP:0012147
MP:0012152	MP:0012151
MP:0008853	MP:0020411
MP:0009287	MP:0009286
MP:0012624	MP:0012625
MP:0001830	MP:0001829
MP:0010675	MP:0010674
MP:0010677	MP:0010676
MP:0003433	MP:0003432
MP:0003503	MP:0003502
MP:0005087	MP:0005088
MP:0030017	MP:0030016
MP:0004893	MP:0004892
MP:0030994	MP:0030995
MP:0013308	MP:0013307
MP:0030762	MP:0030761
MP:0005128	MP:0005129
MP:0003061	MP:0003060
MP:0003862	MP:0001354
MP:0003863	MP:0001353
MP:0005656	MP:0005655
MP:0010936	MP:0010935
MP:0002335	MP:0001952
MP:0003546	MP:0003545
MP:0020119	MP:0020120
MP:0020016	MP:0020017
MP:0020027	MP:0020028
MP:0020224	MP:0020223
MP:0012424	MP:0010292
MP:0011585	MP:0011584
MP:0012765	MP:0012764
MP:0012601	MP:0012602
MP:0010890	MP:0010891
MP:0014229	MP:0014228
MP:0008106	MP:0008105
MP:0012480	MP:0012479
MP:0014125	MP:0014124
MP:0030765	MP:0030764
MP:0005602	MP:0005601
MP:0003185	MP:0003184
MP:0011811	MP:0011810
MP:0020662	MP:0020663
MP:0020659	MP:0020660
MP:0020653	MP:0020654
MP:0008226	MP:0008228
MP:0020656	MP:0020657
MP:0004798	MP:0004762
MP:0002870	MP:0002869
MP:0004795	MP:0004794
MP:0001364	MP:0001363
MP:0003907	MP:0003906
MP:0010997	MP:0010996
MP:0006043	MP:0006042
MP:0013618	MP:0013617
MP:0030665	MP:0030664
MP:0020251	MP:0020250
MP:0020013	MP:0020014
MP:0030743	MP:0030742
MP:0012066	MP:0012065
MP:0020435	MP:0020434
MP:0000301	MP:0003808
MP:0003726	MP:0003725
MP:0012272	MP:0012274
MP:0008783	MP:0008782
MP:0005017	MP:0005014
MP:0005093	MP:0005154
MP:0012144	MP:0012146
MP:0012149	MP:0012150
MP:0012154	MP:0012153
MP:0004978	MP:0004977
MP:0008168	MP:0008167
MP:0008170	MP:0008169
MP:0008207	MP:0008206
MP:0020234	MP:0008965
MP:0002607	MP:0002606
MP:0009776	MP:0009775
MP:0012641	MP:0012642
MP:0020262	MP:0020261
MP:0020056	MP:0020058
MP:0020269	MP:0020268
MP:0012338	MP:0004789
MP:0009703	MP:0009702
MP:0009674	MP:0009673
MP:0005607	MP:0005606
MP:0001995	MP:0001994
MP:0020071	MP:0020072
MP:0008998	MP:0008997
MP:0011237	MP:0011236
MP:0031068	MP:0031069
MP:0005566	MP:0005565
MP:0008822	MP:0008821
MP:0014143	MP:0014142
MP:0001255	MP:0001254
MP:0001258	MP:0001257
MP:0006086	MP:0006087
MP:0001265	MP:0001264
MP:0011015	MP:0011017
MP:0005534	MP:0005533
MP:0001262	MP:0001260
MP:0031008	MP:0030009
MP:0000333	MP:0000321
MP:0004016	MP:0005605
MP:0010124	MP:0010123
MP:0020010	MP:0020011
MP:0000063	MP:0000062
MP:0020137	MP:0020080
MP:0020040	MP:0020039
MP:0004993	MP:0004992
MP:0013639	MP:0013640
MP:0004991	MP:0004149
MP:0010869	MP:0010868
MP:0013631	MP:0013630
MP:0010876	MP:0010875
MP:0012626	MP:0012627
MP:0012587	MP:0012588
MP:0010161	MP:0010162
MP:0012592	MP:0012593
MP:0011215	MP:0011214
MP:0030964	MP:0030965
MP:0020141	MP:0020140
MP:0014075	MP:0014074
MP:0012462	MP:0012461
MP:0020366	MP:0020365
MP:0030596	MP:0030595
MP:0012638	MP:0012639
MP:0012218	MP:0012219
MP:0000774	MP:0005238
MP:0012227	MP:0012228
MP:0020007	MP:0020008
MP:0020078	MP:0020076
MP:0002175	MP:0002176
MP:0009617	MP:0009618
MP:0011218	MP:0011217
MP:0020272	MP:0020271
MP:0010830	MP:0010829
MP:0012125	MP:0012124
MP:0001780	MP:0000005
MP:0014169	MP:0014170
MP:0009125	MP:0009124
MP:0009128	MP:0009127
MP:0009136	MP:0009119
MP:0009137	MP:0009138
MP:0008031	MP:0008949
MP:0012557	MP:0012558
MP:0020329	MP:0020330
MP:0008964	MP:0008963
MP:0030020	MP:0030018
MP:0005140	MP:0005599
MP:0014072	MP:0014071
MP:0020419	MP:0020418
MP:0012749	MP:0012748
MP:0003393	MP:0003394
MP:0011952	MP:0011951
MP:0003223	MP:0003222
MP:0012419	MP:0010291
MP:0011594	MP:0011593
MP:0012652	MP:0012655
MP:0012585	MP:0012586
MP:0001539	MP:0010102
MP:0013649	MP:0013648
MP:0013652	MP:0013651
MP:0013510	MP:0013519
MP:0013510	MP:0013511
MP:0013885	MP:0013882
MP:0011825	MP:0011824
MP:0012555	MP:0012556
MP:0003904	MP:0003903
MP:0011805	MP:0011804
MP:0000352	MP:0000351
MP:0008956	MP:0008955
MP:0008403	MP:0008402
MP:0014043	MP:0014041
MP:0014042	MP:0014040
MP:0003207	MP:0002007
MP:0008407	MP:0008406
MP:0008408	MP:0008409
MP:0004228	MP:0004227
MP:0008405	MP:0008404
MP:0008413	MP:0008412
MP:0008411	MP:0008410
MP:0004587	MP:0002879
MP:0030552	MP:0030553
MP:0020583	MP:0020582
MP:0008924	MP:0008925
MP:0013551	MP:0013552
MP:0012488	MP:0012487
MP:0020810	MP:0020809
MP:0020807	MP:0020806
MP:0020801	MP:0020800
MP:0020540	MP:0020539
MP:0020804	MP:0020803
MP:0012472	MP:0012471
MP:0020602	MP:0020603
MP:0020600	MP:0020599
MP:0020594	MP:0020593
MP:0009974	MP:0009973
MP:0020596	MP:0020597
MP:0006058	MP:0006060
MP:0001913	MP:0001912
MP:0012612	MP:0012613
MP:0004646	MP:0010100
MP:0003488	MP:0003487
MP:0003490	MP:0003489
MP:0008532	MP:0008531
MP:0001982	MP:0001981
MP:0003193	MP:0003192
MP:0003983	MP:0003982
MP:0012590	MP:0012591
MP:0020034	MP:0020033
MP:0014104	MP:0014103
MP:0000167	MP:0011692
MP:0014101	MP:0014100
MP:0020760	MP:0020761
MP:0020757	MP:0020758
MP:0020751	MP:0020752
MP:0012474	MP:0012473
MP:0020754	MP:0020755
MP:0030968	MP:0030969
MP:0005661	MP:0005662
MP:0002664	MP:0001748
MP:0030674	MP:0030673
MP:0002942	MP:0002941
MP:0002667	MP:0002666
MP:0002966	MP:0002968
MP:0030565	MP:0005309
MP:0008805	MP:0008806
MP:0006376	MP:0006375
MP:0005611	MP:0005610
MP:0012325	MP:0012326
MP:0020248	MP:0020247
MP:0030662	MP:0030661
MP:0005632	MP:0005343
MP:0005523	MP:0005522
MP:0003017	MP:0003016
MP:0005635	MP:0005344
MP:0031060	MP:0031059
MP:0000195	MP:0000194
MP:0003978	MP:0003979
MP:0012661	MP:0012662
MP:0003020	MP:0003019
MP:0005179	MP:0005178
MP:0020031	MP:0020032
MP:0020837	MP:0020836
MP:0020216	MP:0020217
MP:0006349	MP:0006350
MP:0002665	MP:0001745
MP:0014162	MP:0014161
MP:0010091	MP:0010090
MP:0010065	MP:0010064
MP:0005554	MP:0005553
MP:0030688	MP:0030687
MP:0030626	MP:0030625
MP:0031082	MP:0031083
MP:0003510	MP:0003509
MP:0020877	MP:0030760
MP:0011286	MP:0011285
MP:0005181	MP:0005182
MP:0003371	MP:0003370
MP:0012615	MP:0012616
MP:0012328	MP:0012329
MP:0012618	MP:0012619
MP:0020258	MP:0020257
MP:0012621	MP:0012622
MP:0011891	MP:0011890
MP:0012330	MP:0012331
MP:0012332	MP:0012333
MP:0002790	MP:0001750
MP:0002702	MP:0001554
MP:0010088	MP:0010087
MP:0004732	MP:0004731
MP:0011613	MP:0011612
MP:0002696	MP:0002712
MP:0003368	MP:0003367
MP:0005560	MP:0005559
MP:0011010	MP:0011009
MP:0030740	MP:0030739
MP:0030710	MP:0030709
MP:0003442	MP:0003443
MP:0030656	MP:0030655
MP:0003363	MP:0003362
MP:0005120	MP:0005123
MP:0012664	MP:0012666
MP:0000186	MP:0001556
MP:0020126	MP:0020125
MP:0030759	MP:0030758
MP:0011653	MP:0011652
MP:0012334	MP:0012335
MP:0002727	MP:0002079
MP:0004701	MP:0004702
MP:0008574	MP:0008573
MP:0008576	MP:0008575
MP:0008578	MP:0008577
MP:0008639	MP:0008638
MP:0008642	MP:0008641
MP:0008592	MP:0008591
MP:0008594	MP:0008593
MP:0008618	MP:0008617
MP:0008645	MP:0008644
MP:0008648	MP:0008647
MP:0008609	MP:0008608
MP:0008612	MP:0008611
MP:0008633	MP:0008632
MP:0008615	MP:0008614
MP:0008636	MP:0008635
MP:0008600	MP:0008599
MP:0009061	MP:0009060
MP:0008621	MP:0008620
MP:0008624	MP:0008623
MP:0008603	MP:0008602
MP:0008627	MP:0008626
MP:0008597	MP:0008596
MP:0008606	MP:0008605
MP:0011715	MP:0011714
MP:0008630	MP:0008629
MP:0004151	MP:0008810
MP:0030716	MP:0030715
MP:0003458	MP:0002575
MP:0011972	MP:0011971
MP:0013404	MP:0013405
MP:0000183	MP:0000182
MP:0005668	MP:0005669
MP:0030751	MP:0030750
MP:0003351	MP:0003350
MP:0011887	MP:0011886
MP:0002773	MP:0001751
MP:0030719	MP:0030718
MP:0010093	MP:0010092
MP:0030602	MP:0030601
MP:0030645	MP:0030644
MP:0003374	MP:0003373
MP:0020129	MP:0020128
MP:0005664	MP:0005665
MP:0030651	MP:0030650
MP:0030985	MP:0030984
MP:0002905	MP:0002904
MP:0030671	MP:0030670
MP:0000198	MP:0001566
MP:0003981	MP:0003980
MP:0005118	MP:0005117
MP:0005628	MP:0005627
MP:0005185	MP:0005186
MP:0005121	MP:0005124
MP:0030668	MP:0030667
MP:0012222	MP:0012223
MP:0003353	MP:0003352
MP:0030695	MP:0030694
MP:0005419	MP:0002965
MP:0005634	MP:0005633
MP:0030639	MP:0030638
MP:0002780	MP:0002781
MP:0030704	MP:0030703
MP:0013257	MP:0013256
MP:0005119	MP:0005122
MP:0005478	MP:0005477
MP:0005567	MP:0005568
MP:0011894	MP:0011893
MP:0002644	MP:0001552
MP:0005479	MP:0005480
MP:0031076	MP:0031077
MP:0008554	MP:0008553
MP:0031073	MP:0031074
MP:0013724	MP:0013723
MP:0011897	MP:0011896
MP:0030728	MP:0030727
MP:0005146	MP:0005145
MP:0003976	MP:0003975
MP:0010283	MP:0010273
MP:0006066	MP:0006067
MP:0010949	MP:0005490
MP:0004998	MP:0004997
MP:0004408	MP:0004407
MP:0004396	MP:0004395
MP:0004417	MP:0004767
MP:0004402	MP:0004401
MP:0012486	MP:0012485
MP:0020254	MP:0020253
MP:0014222	MP:0014221
MP:0013956	MP:0013955
MP:0012435	MP:0012436
MP:0013893	MP:0013892
MP:0008813	MP:0013891
MP:0010968	MP:0010967
MP:0010962	MP:0010961
MP:0000135	MP:0004148
MP:0010965	MP:0010964
MP:0011957	MP:0011958
MP:0002956	MP:0002955
MP:0012609	MP:0012610
MP:0013464	MP:0013463
MP:0003064	MP:0003063
MP:0011014	MP:0011016
MP:0005543	MP:0011962
MP:0020855	MP:0020854
MP:0003092	MP:0009742
MP:0003023	MP:0003022
MP:0002680	MP:0002681
MP:0020589	MP:0020588
MP:0020584	MP:0020585
MP:0020576	MP:0020575
MP:0000781	MP:0012443
MP:0020590	MP:0020591
MP:0012484	MP:0012483
MP:0008341	MP:0008340
MP:0008427	MP:0008426
MP:0020036	MP:0020037
MP:0012760	MP:0012759
MP:0008525	MP:0011861
MP:0011862	MP:0011812
MP:0008526	MP:0000441
MP:0020308	MP:0020309
MP:0020281	MP:0020280
MP:0010062	MP:0010061
MP:0005558	MP:0005557
MP:0011701	MP:0011700
MP:0000404	MP:0000403
MP:0030685	MP:0030684
MP:0030623	MP:0030622
MP:0012191	MP:0012190
MP:0005079	MP:0013281
MP:0012311	MP:0003867
MP:0020022	MP:0020024
MP:0008127	MP:0008126
MP:0013410	MP:0013409
MP:0020508	MP:0020507
MP:0020511	MP:0020510
MP:0012460	MP:0012459
MP:0008152	MP:0008158
MP:0008153	MP:0008159
MP:0008154	MP:0008160
MP:0008150	MP:0008151
MP:0008155	MP:0008161
MP:0008156	MP:0008162
MP:0008157	MP:0008163
MP:0004011	MP:0004010
MP:0030930	MP:0030929
MP:0010130	MP:0010129
MP:0010132	MP:0010131
MP:0010134	MP:0010133
MP:0010136	MP:0010135
MP:0005643	MP:0001906
MP:0011448	MP:0011449
MP:0020626	MP:0020627
MP:0020624	MP:0020623
MP:0020617	MP:0020618
MP:0020621	MP:0020620
MP:0020773	MP:0020774
MP:0020770	MP:0020771
MP:0020764	MP:0020765
MP:0020767	MP:0020768
MP:0005089	MP:0005092
MP:0005089	MP:0005090
MP:0011950	MP:0011949
MP:0020292	MP:0020293
MP:0011279	MP:0011278
MP:0013683	MP:0013684
MP:0011946	MP:0011945
MP:0013458	MP:0013457
MP:0013771	MP:0013772
MP:0001698	MP:0001699
MP:0009429	MP:0009430
MP:0012706	MP:0012705
MP:0012703	MP:0012702
MP:0013505	MP:0013504
MP:0004887	MP:0004886
MP:0009096	MP:0013401
MP:0012201	MP:0012200
MP:0013646	MP:0013645
MP:0004890	MP:0004889
MP:0000339	MP:0000328
MP:0005012	MP:0005011
MP:0012581	MP:0012583
MP:0011687	MP:0011686
MP:0014193	MP:0014192
MP:0009289	MP:0009288
MP:0004929	MP:0004928
MP:0011179	MP:0011178
MP:0020454	MP:0020455
MP:0012395	MP:0012396
MP:0012653	MP:0012656
MP:0002875	MP:0003131
MP:0010036	MP:0010035
MP:0012374	MP:0012375
MP:0012367	MP:0012368
MP:0031084	MP:0031085
MP:0012377	MP:0012378
MP:0012370	MP:0012371
MP:0012386	MP:0012387
MP:0031062	MP:0031063
MP:0012380	MP:0012381
MP:0012364	MP:0012365
MP:0012389	MP:0012390
MP:0012392	MP:0012393
MP:0008973	MP:0003135
MP:0011288	MP:0011287
MP:0011270	MP:0011269
MP:0001417	MP:0001415
MP:0009424	MP:0009423
MP:0012418	MP:0010295
MP:0013278	MP:0013279
MP:0009269	MP:0006094
MP:0014174	MP:0014173
MP:0005282	MP:0005281
MP:0014172	MP:0014171
MP:0003460	MP:0003459
MP:0009291	MP:0009290
MP:0013624	MP:0013623
MP:0013635	MP:0013634
MP:0013633	MP:0013632
MP:0030825	MP:0030823
MP:0013638	MP:0013637
MP:0030826	MP:0030824
MP:0013626	MP:0013625
MP:0011393	MP:0011392
MP:0011395	MP:0011394
MP:0011243	MP:0011242
MP:0004200	MP:0004199
MP:0009431	MP:0009432
MP:0013502	MP:0013501
MP:0011708	MP:0011709
MP:0020416	MP:0020417
MP:0011704	MP:0011703
MP:0011942	MP:0011941
MP:0005130	MP:0005131
MP:0008174	MP:0008173
MP:0008200	MP:0008199
MP:0011940	MP:0011939
MP:0012561	MP:0011993
MP:0011568	MP:0030051
MP:0012138	MP:0012139
MP:0012559	MP:0012560
MP:0030054	MP:0030053
MP:0020422	MP:0020421
MP:0012286	MP:0012287
MP:0020265	MP:0020264
MP:0020133	MP:0020132
MP:0030733	MP:0030732
MP:0008351	MP:0008350
MP:0008347	MP:0008346
MP:0009422	MP:0009421
MP:0012470	MP:0012469
MP:0008178	MP:0008177
MP:0012416	MP:0010288
MP:0011500	MP:0011501
MP:0002711	MP:0002710
MP:0011606	MP:0011605
MP:0020043	MP:0020044
MP:0012595	MP:0012596
MP:0002868	MP:0002867
MP:0030737	MP:0030736
MP:0030707	MP:0030706
MP:0012604	MP:0012606
MP:0011603	MP:0011602
MP:0012629	MP:0012630
MP:0011609	MP:0011608
MP:0003440	MP:0003441
MP:0030659	MP:0030658
MP:0002715	MP:0002714
MP:0020278	MP:0020277
MP:0005439	MP:0005440
MP:0031000	MP:0031001
MP:0006352	MP:0006353
MP:0012344	MP:0012343
MP:0009283	MP:0009285
MP:0008335	MP:0008334
MP:0008425	MP:0008424
MP:0013697	MP:0013696
MP:0000334	MP:0000322
MP:0031016	MP:0013508
MP:0031018	MP:0031019
MP:0012428	MP:0012411
MP:0010053	MP:0010052
MP:0001442	MP:0001441
MP:0005136	MP:0005137
MP:0020295	MP:0020296
MP:0009272	MP:0009271
MP:0012482	MP:0012481
MP:0011196	MP:0011195
MP:0030575	MP:0030574
MP:0000379	MP:0012110
MP:0012663	MP:0012665
MP:0012438	MP:0012437
MP:0020368	MP:0020367
MP:0011914	MP:0011915
MP:0010580	MP:0010579
MP:0003929	MP:0003928
MP:0005333	MP:0002626
MP:0011916	MP:0011917
MP:0003649	MP:0010563
MP:0003914	MP:0003913
MP:0002834	MP:0002833
MP:0012718	MP:0012717
MP:0020226	MP:0002947
MP:0000208	MP:0002608
MP:0011182	MP:0011181
MP:0004810	MP:0004809
MP:0011903	MP:0011902
MP:0008851	MP:0008850
MP:0002874	MP:0005564
MP:0012420	MP:0010296
MP:0020023	MP:0020025
MP:0020103	MP:0020102
MP:0012421	MP:0010297
MP:0008891	MP:0003887
MP:0000606	MP:0014038
MP:0004001	MP:0003893
MP:0010265	MP:0010264
MP:0012502	MP:0012261
MP:0012263	MP:0012265
MP:0008222	MP:0008224
MP:0020650	MP:0020651
MP:0020647	MP:0020648
MP:0020641	MP:0020642
MP:0012466	MP:0012465
MP:0020644	MP:0020645
MP:0020686	MP:0020687
MP:0020683	MP:0020684
MP:0020677	MP:0020678
MP:0020545	MP:0020546
MP:0020680	MP:0020681
MP:0020638	MP:0020639
MP:0020635	MP:0020636
MP:0020629	MP:0020630
MP:0012458	MP:0012457
MP:0009971	MP:0009970
MP:0020632	MP:0020633
MP:0020083	MP:0020082
MP:0030756	MP:0030755
MP:0011591	MP:0011590
MP:0020311	MP:0020312
MP:0020284	MP:0020283
MP:0030679	MP:0030678
MP:0009912	MP:0009911
MP:0012213	MP:0012214
MP:0020061	MP:0020062
MP:0012209	MP:0012210
MP:0001807	MP:0002495
MP:0002491	MP:0002496
MP:0002492	MP:0002497
MP:0001805	MP:0002493
MP:0008495	MP:0008499
MP:0013804	MP:0013803
MP:0008496	MP:0008500
MP:0008497	MP:0008501
MP:0008897	MP:0008896
MP:0008498	MP:0008502
MP:0001806	MP:0002494
MP:0014225	MP:0014224
MP:0008215	MP:0008214
MP:0013666	MP:0013667
MP:0002460	MP:0002461
MP:0002053	MP:0002021
MP:0004502	MP:0004499
MP:0004503	MP:0004500
MP:0020785	MP:0020786
MP:0020782	MP:0020783
MP:0020776	MP:0020777
MP:0009038	MP:0000777
MP:0020779	MP:0020780
MP:0001876	MP:0001846
MP:0009293	MP:0009292
MP:0030167	MP:0030166
MP:0012113	MP:0012112
MP:0003059	MP:0003058
MP:0012422	MP:0010293
MP:0008563	MP:0008562
MP:0008565	MP:0008564
MP:0008567	MP:0008566
MP:0008655	MP:0008654
MP:0008658	MP:0008657
MP:0008652	MP:0008651
MP:0008661	MP:0008660
MP:0008664	MP:0008663
MP:0008667	MP:0008666
MP:0008670	MP:0008669
MP:0008673	MP:0008672
MP:0008676	MP:0008675
MP:0008679	MP:0008678
MP:0008682	MP:0008681
MP:0008685	MP:0008684
MP:0008688	MP:0008687
MP:0009058	MP:0009057
MP:0008691	MP:0008690
MP:0008694	MP:0008693
MP:0008697	MP:0008696
MP:0008700	MP:0008699
MP:0008703	MP:0008702
MP:0008706	MP:0008705
MP:0008709	MP:0008708
MP:0011718	MP:0011717
MP:0008712	MP:0008711
MP:0013621	MP:0013620
MP:0009295	MP:0009294
MP:0012434	MP:0002404
MP:0011221	MP:0011220
MP:0002647	MP:0002646
MP:0014208	MP:0014207
MP:0014206	MP:0014205
MP:0013759	MP:0013758
MP:0020385	MP:0020369
MP:0014219	MP:0014218
MP:0013757	MP:0013756
MP:0010248	MP:0010247
MP:0013916	MP:0013954
MP:0030713	MP:0030712
MP:0020831	MP:0020833
MP:0030578	MP:0030577
MP:0009581	MP:0009580
MP:0012194	MP:0012193
MP:0009584	MP:0009583
MP:0009605	MP:0009604
MP:0009607	MP:0009606
MP:0011371	MP:0011368
MP:0012654	MP:0012657
MP:0011441	MP:0011440
MP:0011846	MP:0011847
MP:0010244	MP:0010243
MP:0020383	MP:0020382
MP:0012605	MP:0012607
MP:0012577	MP:0012578
MP:0012631	MP:0012632
MP:0031004	MP:0031003
MP:0010376	MP:0010375
MP:0003918	MP:0003917
MP:0013158	MP:0013157
MP:0013155	MP:0013154
MP:0005571	MP:0002944
MP:0008332	MP:0008331
MP:0008423	MP:0008422
MP:0008119	MP:0013412
MP:0013960	MP:0013959
MP:0012361	MP:0012362
MP:0013685	MP:0013686
MP:0003961	MP:0003960
MP:0003824	MP:0003823
MP:0003821	MP:0003819
MP:0003822	MP:0003820
MP:0004752	MP:0004751
MP:0004686	MP:0004695
MP:0030748	MP:0030747
MP:0011995	MP:0002026
MP:0000221	MP:0000218
MP:0009817	MP:0009816
MP:0001841	MP:0001840
MP:0010539	MP:0010538
MP:0020868	MP:0020867
MP:0011579	MP:0011578
MP:0001935	MP:0001934
MP:0010026	MP:0010027
MP:0003067	MP:0003066
MP:0010360	MP:0010359
MP:0010398	MP:0010400
MP:0008743	MP:0008807
MP:0030599	MP:0030598
MP:0005517	MP:0005516
MP:0009356	MP:0009355
MP:0010266	MP:0008019
MP:0003402	MP:0002981
MP:0006396	MP:0006398
MP:0004647	MP:0004650
MP:0010896	MP:0010895
MP:0011045	MP:0011044
MP:0011137	MP:0011136
MP:0011134	MP:0011133
MP:0011140	MP:0011139
MP:0031007	MP:0031006
MP:0011048	MP:0011047
MP:0010267	MP:0008014
MP:0005631	MP:0005630
MP:0005132	MP:0005133
MP:0013023	MP:0013022
MP:0013026	MP:0013025
MP:0002219	MP:0002218
MP:0020192	MP:0020193
MP:0005016	MP:0005013
MP:0010268	MP:0012431
MP:0030722	MP:0030721
MP:0003173	MP:0003174
MP:0011081	MP:0011080
MP:0003884	MP:0005425
MP:0011079	MP:0011078
MP:0011077	MP:0011076
MP:0011986	MP:0013553
MP:0020049	MP:0020050
MP:0009297	MP:0009296
MP:0010174	MP:0010173
MP:0013715	MP:0009721
MP:0012568	MP:0012570
MP:0012569	MP:0012571
MP:0010269	MP:0010299
MP:0012456	MP:0012455
MP:0008182	MP:0008181
MP:0013768	MP:0013769
MP:0008765	MP:0008764
MP:0000336	MP:0000324
MP:0012699	MP:0012698
MP:0008211	MP:0008210
MP:0008354	MP:0008353
MP:0013672	MP:0013673
MP:0002682	MP:0008870
MP:0005642	MP:0005641
MP:0005562	MP:0005561
MP:0002591	MP:0002590
MP:0008935	MP:0002599
MP:0004876	MP:0004875
MP:0020954	MP:0020955
MP:0008255	MP:0008254
MP:0020464	MP:0020463
MP:0013705	MP:0013704
MP:0030912	MP:0030911
MP:0030906	MP:0030907
MP:0012023	MP:0012022
MP:0008729	MP:0008728
MP:0008050	MP:0008049
MP:0013513	MP:0013522
MP:0013513	MP:0013514
MP:0013417	MP:0013418
MP:0013426	MP:0013427
MP:0011373	MP:0011370
MP:0011148	MP:0011147
MP:0009299	MP:0009298
MP:0001273	MP:0001272
MP:0030642	MP:0030641
MP:0030629	MP:0030628
MP:0020449	MP:0020448
MP:0012089	MP:0012091
MP:0020904	MP:0020903
MP:0011629	MP:0011628
MP:0011631	MP:0011630
MP:0011639	MP:0030937
MP:0006039	MP:0006038
MP:0004759	MP:0004760
MP:0012636	MP:0012637
MP:0000223	MP:0000220
MP:0020198	MP:0020200
MP:0003010	MP:0003992
MP:0000939	MP:0005192
MP:0030022	MP:0030021
MP:0008486	MP:0008485
MP:0012413	MP:0010290
MP:0004232	MP:0003397
MP:0020456	MP:0020458
MP:0011731	MP:0011730
MP:0013414	MP:0013415
MP:0013662	MP:0013663
MP:0008122	MP:0008121
MP:0030948	MP:0030947
MP:0004567	MP:0006321
MP:0003038	MP:0003037
MP:0012429	MP:0012043
MP:0020275	MP:0020274
MP:0020447	MP:0020446
MP:0020069	MP:0020067
MP:0020070	MP:0020068
MP:0008814	MP:0011994
MP:0003481	MP:0003480
MP:0003483	MP:0003482
MP:0020875	MP:0020876
MP:0012423	MP:0010281
MP:0012741	MP:0012742
MP:0003204	MP:0003203
MP:0008948	MP:0008947
MP:0004981	MP:0004980
MP:0020394	MP:0020393
MP:0012207	MP:0012206
MP:0003990	MP:0008921
MP:0000222	MP:0000219
MP:0012598	MP:0012599
MP:0013529	MP:0009723
MP:0020106	MP:0020105
MP:0020109	MP:0020108
MP:0008791	MP:0008792
MP:0008045	MP:0008044
MP:0008040	MP:0008039
MP:0012574	MP:0012575
MP:0012398	MP:0009395
MP:0010920	MP:0010919
MP:0009808	MP:0010160
MP:0000954	MP:0010892
MP:0010046	MP:0010045
MP:0020698	MP:0020699
MP:0020695	MP:0020696
MP:0020689	MP:0020690
MP:0020548	MP:0020549
MP:0020692	MP:0020693
MP:0012464	MP:0012463
MP:0004497	MP:0004498
MP:0010282	MP:0010274
MP:0011588	MP:0011587
MP:0030648	MP:0030647
MP:0030442	MP:0030441
MP:0004989	MP:0004988
MP:0030439	MP:0030438
MP:0004985	MP:0004984
MP:0030480	MP:0030479
MP:0030483	MP:0030482
MP:0010930	MP:0010929
MP:0010927	MP:0010926
MP:0004856	MP:0004855
MP:0009066	MP:0009067
MP:0005290	MP:0005289
MP:0003760	MP:0003765
MP:0020314	MP:0020315
MP:0020287	MP:0020286
MP:0013303	MP:0013302
MP:0005520	MP:0005519
MP:0009109	MP:0009108
MP:0009149	MP:0009159
MP:0030588	MP:0030589
MP:0009177	MP:0009176
MP:0014098	MP:0014097
MP:0014118	MP:0014117
MP:0009114	MP:0009113
MP:0003339	MP:0003645
MP:0011820	MP:0011819
MP:0009181	MP:0009180
MP:0014212	MP:0014213
MP:0014216	MP:0014215
MP:0011910	MP:0011909
MP:0009191	MP:0009190
MP:0014122	MP:0014121
MP:0009168	MP:0009167
MP:0013486	MP:0013485
MP:0020438	MP:0002014
MP:0009301	MP:0009300
MP:0009532	MP:0009531
MP:0012358	MP:0012359
MP:0005459	MP:0005458
MP:0000683	MP:0000679
MP:0010974	MP:0010973
MP:0012580	MP:0012582
MP:0008133	MP:0008132
MP:0020019	MP:0020020
MP:0030698	MP:0030697
MP:0011600	MP:0011599
MP:0012634	MP:0012633
MP:0012782	MP:0012781
MP:0020816	MP:0020817
MP:0008874	MP:0008873
MP:0013437	MP:0010077
MP:0012476	MP:0012475
MP:0013345	MP:0013344
MP:0012439	MP:0010320
MP:0008938	MP:0008939
MP:0003972	MP:0003973
MP:0004921	MP:0004920
MP:0011521	MP:0011520
MP:0005626	MP:0005625
MP:0008098	MP:0008097
MP:0008124	MP:0008524
MP:0010284	MP:0010286
MP:0012216	MP:0012217
MP:0009557	MP:0009558
MP:0009549	MP:0009586
MP:0020431	MP:0020430
MP:0009448	MP:0009449
MP:0004867	MP:0004866
MP:0020432	MP:0020433
MP:0004725	MP:0004724
MP:0011374	MP:0011282
MP:0011867	MP:0011866
MP:0020533	MP:0020534
MP:0020722	MP:0020723
MP:0020719	MP:0020720
MP:0020713	MP:0020714
MP:0020562	MP:0020563
MP:0020716	MP:0020717
MP:0020747	MP:0020748
MP:0020744	MP:0020745
MP:0020738	MP:0020739
MP:0020566	MP:0020567
MP:0020741	MP:0020742
MP:0011990	MP:0004147
MP:0002922	MP:0002923
MP:0009186	MP:0009185
MP:0008209	MP:0003132
MP:0011816	MP:0011815
MP:0020570	MP:0020571
MP:0009142	MP:0009141
MP:0000461	MP:0000464
MP:0012450	MP:0012449
MP:0011125	MP:0011124
MP:0008392	MP:0008394
MP:0011121	MP:0011120
MP:0008208	MP:0008186
MP:0020052	MP:0020053
MP:0005138	MP:0005139
MP:0020238	MP:0020237
MP:0020228	MP:0020229
MP:0009815	MP:0009814
MP:0012432	MP:0010357
MP:0004962	MP:0004961
MP:0012355	MP:0012356
MP:0010073	MP:0010072
MP:0004013	MP:0004012
MP:0003182	MP:0003181
MP:0005574	MP:0005573
MP:0003035	MP:0003034
MP:0005576	MP:0005575
MP:0006266	MP:0006265
MP:0011597	MP:0011596
MP:0000880	MP:0000879
MP:0020245	MP:0020244
MP:0010394	MP:0010634
MP:0010227	MP:0010226
MP:0020388	MP:0020389
MP:0030886	MP:0030885
MP:0010068	MP:0010067
MP:0012189	MP:0012188
MP:0004974	MP:0004973
MP:0012096	MP:0012095
MP:0009303	MP:0009302
MP:0005528	MP:0005527
MP:0011375	MP:0011369
MP:0011859	MP:0011409
MP:0005526	MP:0005525
MP:0004052	MP:0004051
MP:0011372	MP:0004153
MP:0005530	MP:0005531
MP:0005583	MP:0005582
MP:0012417	MP:0010287
MP:0014028	MP:0014029
MP:0014182	MP:0014183
MP:0011053	MP:0011052
MP:0010862	MP:0010861
MP:0010379	MP:0010378
MP:0012425	MP:0010298
MP:0004486	MP:0004485
MP:0020001	MP:0020002
MP:0010167	MP:0010166
MP:0020197	MP:0020199
MP:0030006	MP:0030005
MP:0008446	MP:0008445
MP:0006309	MP:0002983
MP:0001327	MP:0006070
MP:0008453	MP:0008452
MP:0009305	MP:0009304
MP:0012453	MP:0012452
MP:0012414	MP:0002036
MP:0012785	MP:0012786
MP:0012789	MP:0012790
MP:0012793	MP:0012794
MP:0012797	MP:0012798
MP:0012801	MP:0012802
MP:0012805	MP:0012806
MP:0012809	MP:0012810
MP:0012813	MP:0012814
MP:0003345	MP:0000480
MP:0010757	MP:0008777
MP:0010756	MP:0008776
MP:0010759	MP:0010758
MP:0004649	MP:0010101
MP:0000623	MP:0000622
MP:0012415	MP:0002032
MP:0003833	MP:0000730
MP:0005286	MP:0005284
MP:0001107	MP:0010742
MP:0011907	MP:0011906
MP:0013192	MP:0013191
MP:0011129	MP:0011128
MP:0012478	MP:0012477
MP:0004910	MP:0004909
MP:0008944	MP:0008943
MP:0009764	MP:0009763
MP:0001204	MP:0001203
MP:0009767	MP:0009766
MP:0000966	MP:0006006
MP:0030692	MP:0030691
MP:0010070	MP:0010069
MP:0009853	MP:0009852
MP:0012553	MP:0012554
MP:0003469	MP:0003468
MP:0003466	MP:0003465
MP:0020241	MP:0020240
MP:0009408	MP:0009407
MP:0009402	MP:0009401
MP:0009406	MP:0009405
MP:0009400	MP:0009399
MP:0010399	MP:0010401
MP:0004819	MP:0004818
MP:0010240	MP:0003398
MP:0010239	MP:0010238
MP:0012426	MP:0010280
MP:0011627	MP:0030926
MP:0010285	MP:0010300
MP:0012292	MP:0012291
MP:0013958	MP:0013957
MP:0009426	MP:0009425
MP:0010916	MP:0010915
MP:0008329	MP:0008328
MP:0008417	MP:0008416
MP:0020057	MP:0020059
MP:0020117	MP:0020116
MP:0003218	MP:0003217
MP:0003220	MP:0003219
MP:0000956	MP:0002809
MP:0008482	MP:0008481
MP:0008484	MP:0008483
MP:0008808	MP:0008809
MP:0008477	MP:0008476
MP:0004953	MP:0004952
MP:0008479	MP:0008478
MP:0009341	MP:0009322
MP:0009339	MP:0009338
MP:0009335	MP:0009336
MP:0012099	MP:0012098
MP:0001489	MP:0001488
MP:0003908	MP:0001409
MP:0012283	MP:0012284
MP:0012225	MP:0012226
MP:0008005	MP:0008006
MP:0010270	MP:0010301
MP:0020674	MP:0020675
MP:0020671	MP:0020672
MP:0020665	MP:0020666
MP:0020554	MP:0020555
MP:0020668	MP:0020669
MP:0012468	MP:0012467
MP:0014025	MP:0014024
MP:0008844	MP:0010934
MP:0020537	MP:0020536
MP:0009520	MP:0009521
MP:0020735	MP:0020736
MP:0020732	MP:0020733
MP:0020726	MP:0020727
MP:0020543	MP:0020542
MP:0020729	MP:0020730
MP:0020005	MP:0020006
MP:0003476	MP:0003475
MP:0003473	MP:0003472
MP:0020797	MP:0020798
MP:0020794	MP:0020795
MP:0020788	MP:0020789
MP:0002892	MP:0000905
MP:0020791	MP:0020792
MP:0012659	MP:0012660
MP:0010993	MP:0010992
MP:0031035	MP:0031036
MP:0020932	MP:0020931
MP:0003213	MP:0003212
MP:0004766	MP:0004748
MP:0020093	MP:0020094
MP:0005341	MP:0005339
MP:0004804	MP:0004803
MP:0005351	MP:0005350
MP:0004828	MP:0004827
MP:0009789	MP:0009788
MP:0002411	MP:0002412
MP:0012573	MP:0012572
MP:0013299	MP:0013298
MP:0031047	MP:0031048
MP:0020950	MP:0020949
MP:0020100	MP:0020099
MP:0020090	MP:0020089
MP:0005659	MP:0005658
MP:0011452	MP:0011451
MP:0002838	MP:0002839
MP:0008734	MP:0008735
MP:0004800	MP:0004799
MP:0004824	MP:0004823
MP:0012566	MP:0012567
MP:0004826	MP:0004825
MP:0004822	MP:0004821
MP:0031043	MP:0031044
MP:0020944	MP:0020943
MP:0005398	MP:0005399
MP:0005673	MP:0005672
MP:0031031	MP:0031032
MP:0020926	MP:0020925
MP:0031025	MP:0031026
MP:0020917	MP:0020916
MP:0012046	MP:0012045
MP:0003436	MP:0003724
MP:0008539	MP:0008537
MP:0004064	MP:0004065
MP:0004155	MP:0004761
MP:0031120	MP:0031121
MP:0012348	MP:0012349
MP:0009786	MP:0009787
MP:0002409	MP:0002406
MP:0005166	MP:0005165
MP:0006059	MP:0003076
MP:0004042	MP:0004041
MP:0008236	MP:0008235
MP:0004925	MP:0004597
MP:0020088	MP:0020087
MP:0031027	MP:0031028
MP:0020920	MP:0020919
MP:0031045	MP:0031046
MP:0020947	MP:0020946
MP:0012072	MP:0012071
MP:0031049	MP:0031050
MP:0020953	MP:0020952
MP:0010751	MP:0010750
MP:0005026	MP:0005027
MP:0031029	MP:0031030
MP:0020923	MP:0020922
MP:0002887	MP:0002906
MP:0031039	MP:0031040
MP:0020938	MP:0020937
MP:0031033	MP:0031034
MP:0020929	MP:0020928
MP:0005363	MP:0005364
MP:0020041	MP:0012041
MP:0031037	MP:0031038
MP:0020935	MP:0020934
MP:0031023	MP:0031024
MP:0020914	MP:0020913
MP:0004802	MP:0004801
MP:0031041	MP:0031042
MP:0020941	MP:0020940
MP:0005597	MP:0005596
MP:0005612	MP:0005613
MP:0005614	MP:0005615
MP:0005616	MP:0005617
MP:0009790	MP:0009791
MP:0002410	MP:0002418
MP:0020162	MP:0020163
MP:0010182	MP:0005455
MP:0010181	MP:0010180
MP:0012050	MP:0012049
MP:0002917	MP:0002916
MP:0002843	MP:0002842
MP:0006263	MP:0006143
MP:0006264	MP:0006144
MP:0004879	MP:0004878
MP:0006414	MP:0006413
MP:0005018	MP:0005015
MP:0005095	MP:0005348
MP:0010187	MP:0010186
MP:0010220	MP:0010219
MP:0008091	MP:0008090
MP:0013764	MP:0013763
MP:0011277	MP:0011276
MP:0012346	MP:0012345
MP:0030636	MP:0030635
MP:0010673	MP:0010672
MP:0020220	MP:0020219
MP:0030927	MP:0030928
MP:0012340	MP:0004478
MP:0004852	MP:0004851
MP:0020614	MP:0020615
MP:0020612	MP:0020611
MP:0020606	MP:0020605
MP:0012211	MP:0012212
MP:0020608	MP:0020609
MP:0009370	MP:0009371
MP:0003998	MP:0001973
MP:0020870	MP:0002797
MP:0020064	MP:0020065
MP:0004648	MP:0004651
MP:0030701	MP:0030700
MP:0020111	MP:0020110
MP:0009542	MP:0009541
MP:0000715	MP:0000714
MP:0004956	MP:0004955
MP:0020168	MP:0020169
MP:0005134	MP:0005135
MP:0008338	MP:0008337
MP:0008421	MP:0008420
MP:0005471	MP:0005470
MP:0009428	MP:0009427
MP:0005586	MP:0005585
MP:0003042	MP:0003041
MP:0003040	MP:0003039
MP:0009907	MP:0009906
MP:0010271	MP:0010272
MP:0010025	MP:0010024
MP:0008907	MP:0008908
MP:0010938	MP:0010937
MP:0011965	MP:0011964
MP:0012322	MP:0012323
MP:0010933	MP:0010932
MP:0010873	MP:0010872
MP:0009346	MP:0009347
MP:0010879	MP:0010878
MP:0008838	MP:0008837
MP:0008190	MP:0008189
MP:0009923	MP:0009922
MP:0009926	MP:0009925
MP:0010228	MP:0010229
MP:0005318	MP:0005317
MP:0011582	MP:0011581
MP:0005473	MP:0005474
MP:0012117	MP:0012116
MP:0001713	MP:0009397
MP:0012109	MP:0012108
MP:0003447	MP:0003721
MP:0012564	MP:0012563
MP:0002052	MP:0002020
MP:0010308	MP:0009828
MP:0008561	MP:0008560
MP:0012430	MP:0012412
MP:0010811	MP:0010810
MP:0020077	MP:0020075
MP:0020046	MP:0020047
MP:0020233	MP:0020232
MP:0020298	MP:0020299
MP:0030900	MP:0030901
MP:0005285	MP:0005283
MP:0011800	MP:0011799
MP:0012427	MP:0010289
MP:0011536	MP:0011535
MP:0030771	MP:0030770
MP:0011541	MP:0011540
MP:0011736	MP:0011735
MP:0011544	MP:0011543
MP:0011463	MP:0011462
MP:0002986	MP:0005441
MP:0030767	MP:0030766
MP:0011460	MP:0011459
MP:0030779	MP:0030778
MP:0011550	MP:0011549
MP:0030633	MP:0030632
MP:0011471	MP:0011470
MP:0011554	MP:0011553
MP:0030769	MP:0030768
MP:0011432	MP:0011431
MP:0003870	MP:0001759
MP:0030781	MP:0030780
MP:0011474	MP:0011473
MP:0011560	MP:0011559
MP:0011436	MP:0011435
MP:0011532	MP:0011533
MP:0002960	MP:0002959
MP:0011742	MP:0011741
MP:0030773	MP:0030772
MP:0002988	MP:0008055
MP:0009350	MP:0009349
MP:0002902	MP:0002901
MP:0005618	MP:0005619
MP:0011547	MP:0011546
MP:0011564	MP:0011563
MP:0002963	MP:0002962
MP:0006317	MP:0006316
MP:0011467	MP:0011466
MP:0011424	MP:0009810
MP:0012647	MP:0012648
MP:0009307	MP:0009306
MP:0008876	MP:0009394
MP:0004905	MP:0004904
MP:0008980	MP:0008979
MP:0030725	MP:0030724
MP:0020319	MP:0020318
MP:0020322	MP:0020321
MP:0006057	MP:0006056
MP:0020316	MP:0020161
MP:0003071	MP:0003070
MP:0003026	MP:0003025
MP:0005591	MP:0005590
MP:0005598	MP:0005600
MP:0020710	MP:0020711
MP:0020707	MP:0020708
MP:0020701	MP:0020702
MP:0020558	MP:0020559
MP:0020704	MP:0020705
MP:0013643	MP:0013644
MP:0013642	MP:0013641
MP:0013628	MP:0013627
MP:0004645	MP:0004644
MP:0002757	MP:0002574
MP:0004328	MP:0004327
MP:0012336	MP:0012337
MP:0013616	MP:0013615
MP:0001783	MP:0000008
MP:0014146	MP:0014145
MP:0009122	MP:0009121
MP:0009131	MP:0009130
MP:0009133	MP:0009118
MP:0003409	MP:0003408
MP:0012319	MP:0012318
MP:0003239	MP:0003238
MP:0010202	MP:0010203
MP:0020113	MP:0020114
MP:0002593	MP:0002594
MP:0020096	MP:0020097
MP:0012342	MP:0012341
MP:0020210	MP:0020209
MP:0001399	MP:0001402
MP:0005407	MP:0003043
MP:0002318	MP:0003032
MP:0008002	MP:0008001
MP:0008945	MP:0008389
MP:0005111	MP:0011737
MP:0001559	MP:0000189
MP:0013372	MP:0013371
MP:0012339	MP:0004119
MP:0013717	MP:0013716
MP:0001188	MP:0005408
MP:0003347	MP:0003348
MP:0010946	MP:0001956
MP:0013920	MP:0013921
MP:0002738	MP:0005498
MP:0002852	MP:0002853
MP:0000231	MP:0001596
MP:0002320	MP:0002321
MP:0010127	MP:0010128
MP:0013731	MP:0013732
MP:0013648	MP:0013651
MP:0013511	MP:0013520
MP:0013886	MP:0013883
MP:0005090	MP:0005091
MP:0013684	MP:0013686
MP:0003133	MP:0003134
MP:0009310	MP:0009309
MP:0013959	MP:0013957
MP:0008718	MP:0008715
MP:0013022	MP:0013025
MP:0013514	MP:0013523
MP:0011124	MP:0011128
MP:0030068	MP:0030064
MP:0030388	MP:0030389
MP:0030042	MP:0030043
MP:0020302	MP:0020303
MP:0003304	MP:0003306
MP:0002220	MP:0000687
MP:0030050	MP:0004592
MP:0030204	MP:0030197
MP:0006218	MP:0006217
MP:0006212	MP:0006211
MP:0003599	MP:0005188
MP:0008435	MP:0008434
MP:0001893	MP:0000917
MP:0006328	MP:0006330
MP:0004749	MP:0004750
MP:0000330	MP:0000319
MP:0001966	MP:0001965
MP:0004765	MP:0004764
MP:0000896	MP:0000895
MP:0000329	MP:0000318
MP:0000356	MP:0000354
MP:0003265	MP:0003264
MP:0001451	MP:0001452
MP:0000485	MP:0000483
MP:0006041	MP:0006040
MP:0001998	MP:0001997
MP:0001483	MP:0001482
MP:0000883	MP:0000882
MP:0000357	MP:0000355
MP:0003188	MP:0003187
MP:0001416	MP:0001414
MP:0020196	MP:0020195
MP:0000893	MP:0000892
MP:0020122	MP:0020123
MP:0001615	MP:0001616
MP:0001531	MP:0001530
MP:0001795	MP:0001796
MP:0009744	MP:0009743
MP:0001732	MP:0010865
MP:0011085	MP:0011091
MP:0011086	MP:0011101
MP:0002082	MP:0002080
MP:0002995	MP:0001939
MP:0013548	MP:0013547
