HP:0030469	HP:0008275
HP:0100737	HP:0100736
HP:0025090	HP:0025129
HP:0031199	HP:0031197
HP:0011790	HP:0011791
HP:0012388	HP:0004469
HP:0100282	HP:0100281
HP:0012451	HP:0012450
HP:0032675	HP:0032676
HP:0011880	HP:0005520
HP:0006554	HP:0100626
HP:0200119	HP:0200123
HP:0002488	HP:0005558
HP:0004820	HP:0012325
HP:0000371	HP:0000389
HP:0001735	HP:0006280
HP:0012467	HP:0012466
HP:0000255	HP:0011109
HP:0004729	HP:0004743
HP:0011009	HP:0011010
HP:0040275	HP:0040274
HP:0032320	HP:0032321
HP:0012234	HP:0032310
HP:0006988	HP:0006870
HP:0007476	HP:0007529
HP:0030176	HP:0007262
HP:0010819	HP:0032792
HP:0007270	HP:0011147
HP:0011151	HP:0032863
HP:0410005	HP:0000185
HP:0025250	HP:0025251
HP:0001334	HP:0010953
HP:0001674	HP:0011577
HP:0010860	HP:0010861
HP:0030640	HP:0030641
HP:0011630	HP:0011635
HP:0010098	HP:0010099
HP:0010001	HP:0010004
HP:0009950	HP:0009951
HP:0010424	HP:0010425
HP:0009965	HP:0009968
HP:0100407	HP:0100416
HP:0009978	HP:0009981
HP:0100408	HP:0100417
HP:0009991	HP:0009994
HP:0100409	HP:0100418
HP:0010096	HP:0010097
HP:0010002	HP:0010005
HP:0009952	HP:0009953
HP:0010426	HP:0010427
HP:0009966	HP:0009969
HP:0100410	HP:0100419
HP:0009979	HP:0009982
HP:0100411	HP:0100420
HP:0009992	HP:0009995
HP:0100412	HP:0100421
HP:0009957	HP:0009956
HP:0009960	HP:0009961
HP:0009973	HP:0009974
HP:0009986	HP:0009987
HP:0010000	HP:0010003
HP:0009954	HP:0009955
HP:0010422	HP:0010423
HP:0009967	HP:0009970
HP:0100413	HP:0100422
HP:0009980	HP:0009983
HP:0100414	HP:0100423
HP:0009993	HP:0009996
HP:0100415	HP:0100424
HP:0010094	HP:0010095
HP:0009943	HP:0009944
HP:0011633	HP:0011634
HP:0011631	HP:0011632
HP:0011172	HP:0011171
HP:0032963	HP:0012581
HP:0002908	HP:0008282
HP:0031777	HP:0031778
HP:0031776	HP:0031726
HP:0008972	HP:0040015
HP:0030685	HP:0030686
HP:0040063	HP:0009126
HP:0031103	HP:0031102
HP:0008179	HP:0031155
HP:0031808	HP:0031807
HP:0410145	HP:0410146
HP:0020171	HP:0020170
HP:0041079	HP:0025521
HP:0045082	HP:0031418
HP:0004325	HP:0004324
HP:0020199	HP:0020200
HP:0020184	HP:0020183
HP:0002920	HP:0003154
HP:0030349	HP:0030348
HP:0004313	HP:0010702
HP:0025347	HP:0025346
HP:0031426	HP:0031425
HP:0010837	HP:0033145
HP:0031242	HP:0012238
HP:0011967	HP:0032254
HP:0032363	HP:0032362
HP:0008163	HP:0003118
HP:0040299	HP:0030781
HP:0032210	HP:0011788
HP:0033078	HP:0033077
HP:0032312	HP:0032311
HP:0030339	HP:0000837
HP:0410343	HP:0410342
HP:0002720	HP:0003261
HP:0004315	HP:0003237
HP:0032136	HP:0032298
HP:0008348	HP:0032299
HP:0032137	HP:0032297
HP:0032138	HP:0032300
HP:0031429	HP:0031428
HP:0008233	HP:0031216
HP:0004369	HP:0004368
HP:0003351	HP:0000848
HP:0033192	HP:0033191
HP:0031507	HP:0031506
HP:0410353	HP:0410352
HP:0410361	HP:0410360
HP:0100689	HP:0011487
HP:0500234	HP:0500233
HP:0025458	HP:0500239
HP:0500204	HP:0500203
HP:0500201	HP:0500200
HP:0500198	HP:0500197
HP:0500237	HP:0500236
HP:0500194	HP:0500193
HP:0500190	HP:0500191
HP:0500207	HP:0500208
HP:0500224	HP:0500223
HP:0025457	HP:0002922
HP:0500228	HP:0500227
HP:0500213	HP:0500212
HP:0500221	HP:0500220
HP:0500188	HP:0500187
HP:0030978	HP:0025459
HP:0032997	HP:0032998
HP:0045051	HP:0045050
HP:0030018	HP:0030019
HP:0031070	HP:0031068
HP:0001558	HP:0010519
HP:0031107	HP:0012107
HP:0012353	HP:0012354
HP:0012360	HP:0012361
HP:0012213	HP:0012214
HP:0030689	HP:0030688
HP:0410179	HP:0410178
HP:0410182	HP:0410181
HP:0410190	HP:0410191
HP:0410188	HP:0410189
HP:0410187	HP:0410186
HP:0003233	HP:0012184
HP:0032421	HP:0032420
HP:0032423	HP:0032424
HP:0032429	HP:0032428
HP:0032431	HP:0032430
HP:0032433	HP:0032432
HP:0040195	HP:0040194
HP:0031861	HP:0031862
HP:0008165	HP:0500264
HP:0020062	HP:0020063
HP:0031143	HP:0031141
HP:0410358	HP:0410357
HP:0041078	HP:0041077
HP:0031230	HP:0031229
HP:0012648	HP:0012649
HP:0030897	HP:0410204
HP:0012641	HP:0002516
HP:0003563	HP:0003141
HP:0500162	HP:0500161
HP:0410054	HP:0410053
HP:0040179	HP:0040178
HP:0046504	HP:0046503
HP:0002731	HP:0030887
HP:0040306	HP:0040305
HP:0032305	HP:0032306
HP:0012356	HP:0012357
HP:0025547	HP:0025548
HP:0025066	HP:0005518
HP:0005537	HP:0011877
HP:0040013	HP:0040014
HP:0410364	HP:0410363
HP:0012270	HP:0009051
HP:0032460	HP:0003240
HP:0012685	HP:0012686
HP:0032482	HP:0031208
HP:0020113	HP:0020112
HP:0032218	HP:0032219
HP:0410386	HP:0410391
HP:0410385	HP:0410392
HP:0500266	HP:0500265
HP:0410388	HP:0410393
HP:0410389	HP:0410396
HP:0030388	HP:0030387
HP:0410390	HP:0410395
HP:0500271	HP:0500270
HP:0030378	HP:0030377
HP:0500274	HP:0500273
HP:0030384	HP:0030385
HP:0030374	HP:0030375
HP:0032183	HP:0032184
HP:0030372	HP:0030371
HP:0410378	HP:0410375
HP:0410377	HP:0410376
HP:0031397	HP:0031398
HP:0032129	HP:0032128
HP:0030380	HP:0030381
HP:0032126	HP:0032125
HP:0025077	HP:0025075
HP:0020060	HP:0020059
HP:0012340	HP:0012339
HP:0033014	HP:0033015
HP:0012858	HP:0012857
HP:0008214	HP:0025134
HP:0025137	HP:0025136
HP:0025140	HP:0025139
HP:0012343	HP:0003281
HP:0030353	HP:0030269
HP:0040303	HP:0003452
HP:0003292	HP:0031793
HP:0040171	HP:0030088
HP:0031831	HP:0011424
HP:0410355	HP:0410354
HP:0012350	HP:0012351
HP:0040260	HP:0040261
HP:0040254	HP:0040253
HP:0004331	HP:0004330
HP:0031837	HP:0031836
HP:0012560	HP:0012559
HP:0031906	HP:0031905
HP:0033211	HP:0025196
HP:0410195	HP:0410194
HP:0410198	HP:0410197
HP:0410314	HP:0410315
HP:0410318	HP:0410317
HP:0045035	HP:0010839
HP:0012364	HP:0003081
HP:0003359	HP:0012613
HP:0011935	HP:0012611
HP:0012403	HP:0012402
HP:0032473	HP:0031890
HP:0031243	HP:0003362
HP:0031820	HP:0031819
HP:0003498	HP:0003508
HP:0001519	HP:0011407
HP:0100621	HP:0100620
HP:0031873	HP:0031874
HP:0031997	HP:0031998
HP:0031039	HP:0031040
HP:0030806	HP:0008383
HP:0040082	HP:0031588
HP:0031049	HP:0031048
HP:0009890	HP:0000294
HP:0012807	HP:0010763
HP:0011432	HP:0010570
HP:0011433	HP:0011434
HP:0012891	HP:0002162
HP:0030852	HP:0030851
HP:0031414	HP:0012053
HP:0031415	HP:0012052
HP:0001757	HP:0008573
HP:0001722	HP:0009805
HP:0012189	HP:0012539
HP:0012734	HP:0001958
HP:0007048	HP:0012697
HP:0030360	HP:0030357
HP:0009748	HP:0000385
HP:0100729	HP:0000274
HP:0001520	HP:0001518
HP:0002700	HP:0002677
HP:0002003	HP:0000350
HP:0003898	HP:0003900
HP:0030255	HP:0030256
HP:0006267	HP:0006266
HP:0004005	HP:0004010
HP:0002690	HP:0010538
HP:0005310	HP:0011944
HP:0004966	HP:0012458
HP:0002865	HP:0040198
HP:0032293	HP:0032292
HP:0100834	HP:0100833
HP:0011961	HP:0011962
HP:0011684	HP:0011683
HP:0011745	HP:0011746
HP:0030358	HP:0030357
HP:0005725	HP:0005866
HP:0031246	HP:0031245
HP:0002470	HP:0002073
HP:0007030	HP:0002448
HP:0200068	HP:0000529
HP:0003680	HP:0003676
HP:0025622	HP:0025621
HP:0000786	HP:0000869
HP:0030363	HP:0030364
HP:0011736	HP:0011741
HP:0001579	HP:0011744
HP:0008200	HP:0000867
HP:0000867	HP:0011770
HP:0000176	HP:0011819
HP:0030474	HP:0030465
